name,title,level,facing,categories,description,detail,remediation,metadata,cache_key
function_search_path_mutable,Function Search Path Mutable,WARN,EXTERNAL,"[""SECURITY""]",Detects functions where the search_path parameter is not set.,Function \`public.normalize_phone_brazil\` has a role mutable search_path,https://supabase.com/docs/guides/database/database-linter?lint=0011_function_search_path_mutable,"{""name"":""normalize_phone_brazil"",""type"":""function"",""schema"":""public""}",function_search_path_mutable_public_normalize_phone_brazil_cc99f8ddf01bf7a4c53ae9e43ed9c8fa
function_search_path_mutable,Function Search Path Mutable,WARN,EXTERNAL,"[""SECURITY""]",Detects functions where the search_path parameter is not set.,Function \`public.sync_travel_normalized_columns\` has a role mutable search_path,https://supabase.com/docs/guides/database/database-linter?lint=0011_function_search_path_mutable,"{""name"":""sync_travel_normalized_columns"",""type"":""function"",""schema"":""public""}",function_search_path_mutable_public_sync_travel_normalized_columns_6db76d8db438341d93ef22f06bab632a
function_search_path_mutable,Function Search Path Mutable,WARN,EXTERNAL,"[""SECURITY""]",Detects functions where the search_path parameter is not set.,Function \`public.calculate_business_due_date\` has a role mutable search_path,https://supabase.com/docs/guides/database/database-linter?lint=0011_function_search_path_mutable,"{""name"":""calculate_business_due_date"",""type"":""function"",""schema"":""public""}",function_search_path_mutable_public_calculate_business_due_date_9319d9bdda38b0ee94d1baa710dec118
function_search_path_mutable,Function Search Path Mutable,WARN,EXTERNAL,"[""SECURITY""]",Detects functions where the search_path parameter is not set.,Function \`public.update_cadence_templates_updated_at\` has a role mutable search_path,https://supabase.com/docs/guides/database/database-linter?lint=0011_function_search_path_mutable,"{""name"":""update_cadence_templates_updated_at"",""type"":""function"",""schema"":""public""}",function_search_path_mutable_public_update_cadence_templates_updated_at_ef6b2d76360a727c9d6479352655b7ba
function_search_path_mutable,Function Search Path Mutable,WARN,EXTERNAL,"[""SECURITY""]",Detects functions where the search_path parameter is not set.,Function \`public.auto_start_cadence_for_new_card\` has a role mutable search_path,https://supabase.com/docs/guides/database/database-linter?lint=0011_function_search_path_mutable,"{""name"":""auto_start_cadence_for_new_card"",""type"":""function"",""schema"":""public""}",function_search_path_mutable_public_auto_start_cadence_for_new_card_195c83973aa6305f3646a32488d3c9cb
function_search_path_mutable,Function Search Path Mutable,WARN,EXTERNAL,"[""SECURITY""]",Detects functions where the search_path parameter is not set.,Function \`public.execute_cadence_entry_rule_immediate\` has a role mutable search_path,https://supabase.com/docs/guides/database/database-linter?lint=0011_function_search_path_mutable,"{""name"":""execute_cadence_entry_rule_immediate"",""type"":""function"",""schema"":""public""}",function_search_path_mutable_public_execute_cadence_entry_rule_immediate_7d58d73bcd5266e399dfa4fc14576e70
function_search_path_mutable,Function Search Path Mutable,WARN,EXTERNAL,"[""SECURITY""]",Detects functions where the search_path parameter is not set.,Function \`public.cleanup_single_role_cards\` has a role mutable search_path,https://supabase.com/docs/guides/database/database-linter?lint=0011_function_search_path_mutable,"{""name"":""cleanup_single_role_cards"",""type"":""function"",""schema"":""public""}",function_search_path_mutable_public_cleanup_single_role_cards_4af66509bc91ffdc68c4ae5797bbe062
function_search_path_mutable,Function Search Path Mutable,WARN,EXTERNAL,"[""SECURITY""]",Detects functions where the search_path parameter is not set.,Function \`public.process_cadence_entry_on_stage_change\` has a role mutable search_path,https://supabase.com/docs/guides/database/database-linter?lint=0011_function_search_path_mutable,"{""name"":""process_cadence_entry_on_stage_change"",""type"":""function"",""schema"":""public""}",function_search_path_mutable_public_process_cadence_entry_on_stage_change_51ee68e4765f9e5a346abcdbd7cab76f
function_search_path_mutable,Function Search Path Mutable,WARN,EXTERNAL,"[""SECURITY""]",Detects functions where the search_path parameter is not set.,Function \`public.process_cadence_entry_on_card_create\` has a role mutable search_path,https://supabase.com/docs/guides/database/database-linter?lint=0011_function_search_path_mutable,"{""name"":""process_cadence_entry_on_card_create"",""type"":""function"",""schema"":""public""}",function_search_path_mutable_public_process_cadence_entry_on_card_create_47e921e4fc0347e6ce31822730a5abff
function_search_path_mutable,Function Search Path Mutable,WARN,EXTERNAL,"[""SECURITY""]",Detects functions where the search_path parameter is not set.,Function \`public.normalize_phone_robust\` has a role mutable search_path,https://supabase.com/docs/guides/database/database-linter?lint=0011_function_search_path_mutable,"{""name"":""normalize_phone_robust"",""type"":""function"",""schema"":""public""}",function_search_path_mutable_public_normalize_phone_robust_3b82fe65a46e107090b243d4f4035c2b
function_search_path_mutable,Function Search Path Mutable,WARN,EXTERNAL,"[""SECURITY""]",Detects functions where the search_path parameter is not set.,Function \`public.sync_card_dates_from_json\` has a role mutable search_path,https://supabase.com/docs/guides/database/database-linter?lint=0011_function_search_path_mutable,"{""name"":""sync_card_dates_from_json"",""type"":""function"",""schema"":""public""}",function_search_path_mutable_public_sync_card_dates_from_json_f5644490ad840c8f97bf1a8452444ffb
function_search_path_mutable,Function Search Path Mutable,WARN,EXTERNAL,"[""SECURITY""]",Detects functions where the search_path parameter is not set.,Function \`public.auto_assign_card_owner\` has a role mutable search_path,https://supabase.com/docs/guides/database/database-linter?lint=0011_function_search_path_mutable,"{""name"":""auto_assign_card_owner"",""type"":""function"",""schema"":""public""}",function_search_path_mutable_public_auto_assign_card_owner_14f6a9b32bc62f40721fb81e5d13591b
function_search_path_mutable,Function Search Path Mutable,WARN,EXTERNAL,"[""SECURITY""]",Detects functions where the search_path parameter is not set.,Function \`public.auto_generate_proposal_token\` has a role mutable search_path,https://supabase.com/docs/guides/database/database-linter?lint=0011_function_search_path_mutable,"{""name"":""auto_generate_proposal_token"",""type"":""function"",""schema"":""public""}",function_search_path_mutable_public_auto_generate_proposal_token_1ff1ee8d5f0f81623451925f03fa0d41
function_search_path_mutable,Function Search Path Mutable,WARN,EXTERNAL,"[""SECURITY""]",Detects functions where the search_path parameter is not set.,Function \`public.calculate_tipo_pessoa\` has a role mutable search_path,https://supabase.com/docs/guides/database/database-linter?lint=0011_function_search_path_mutable,"{""name"":""calculate_tipo_pessoa"",""type"":""function"",""schema"":""public""}",function_search_path_mutable_public_calculate_tipo_pessoa_30f616b1ebfbe79674b5febe9744c6e0
function_search_path_mutable,Function Search Path Mutable,WARN,EXTERNAL,"[""SECURITY""]",Detects functions where the search_path parameter is not set.,Function \`public.check_single_role_cards_contatos\` has a role mutable search_path,https://supabase.com/docs/guides/database/database-linter?lint=0011_function_search_path_mutable,"{""name"":""check_single_role_cards_contatos"",""type"":""function"",""schema"":""public""}",function_search_path_mutable_public_check_single_role_cards_contatos_7fa58e234b9e38e1abe34bfe6251c4d4
function_search_path_mutable,Function Search Path Mutable,WARN,EXTERNAL,"[""SECURITY""]",Detects functions where the search_path parameter is not set.,Function \`public.enforce_card_value_rules\` has a role mutable search_path,https://supabase.com/docs/guides/database/database-linter?lint=0011_function_search_path_mutable,"{""name"":""enforce_card_value_rules"",""type"":""function"",""schema"":""public""}",function_search_path_mutable_public_enforce_card_value_rules_fe6eef7626db2862107a6bea0152a0a9
function_search_path_mutable,Function Search Path Mutable,WARN,EXTERNAL,"[""SECURITY""]",Detects functions where the search_path parameter is not set.,Function \`public.generate_proposal_public_token\` has a role mutable search_path,https://supabase.com/docs/guides/database/database-linter?lint=0011_function_search_path_mutable,"{""name"":""generate_proposal_public_token"",""type"":""function"",""schema"":""public""}",function_search_path_mutable_public_generate_proposal_public_token_98f9e729c8e21432a42c5e5d9ca8470d
function_search_path_mutable,Function Search Path Mutable,WARN,EXTERNAL,"[""SECURITY""]",Detects functions where the search_path parameter is not set.,Function \`public.execute_automation_rules\` has a role mutable search_path,https://supabase.com/docs/guides/database/database-linter?lint=0011_function_search_path_mutable,"{""name"":""execute_automation_rules"",""type"":""function"",""schema"":""public""}",function_search_path_mutable_public_execute_automation_rules_f7bb9e75cd4a59e5fef51f03a7d2cb59
function_search_path_mutable,Function Search Path Mutable,WARN,EXTERNAL,"[""SECURITY""]",Detects functions where the search_path parameter is not set.,Function \`public.f_unaccent\` has a role mutable search_path,https://supabase.com/docs/guides/database/database-linter?lint=0011_function_search_path_mutable,"{""name"":""f_unaccent"",""type"":""function"",""schema"":""public""}",function_search_path_mutable_public_f_unaccent_04485260e7d241715287404b5ae7ad6d
function_search_path_mutable,Function Search Path Mutable,WARN,EXTERNAL,"[""SECURITY""]",Detects functions where the search_path parameter is not set.,Function \`public.find_contact_by_whatsapp\` has a role mutable search_path,https://supabase.com/docs/guides/database/database-linter?lint=0011_function_search_path_mutable,"{""name"":""find_contact_by_whatsapp"",""type"":""function"",""schema"":""public""}",function_search_path_mutable_public_find_contact_by_whatsapp_4d8660a1eb5fc4e0bd36db9f572f8369
function_search_path_mutable,Function Search Path Mutable,WARN,EXTERNAL,"[""SECURITY""]",Detects functions where the search_path parameter is not set.,Function \`public.find_jsonb_diffs\` has a role mutable search_path,https://supabase.com/docs/guides/database/database-linter?lint=0011_function_search_path_mutable,"{""name"":""find_jsonb_diffs"",""type"":""function"",""schema"":""public""}",function_search_path_mutable_public_find_jsonb_diffs_0319430861bc605de6534562037e839d
function_search_path_mutable,Function Search Path Mutable,WARN,EXTERNAL,"[""SECURITY""]",Detects functions where the search_path parameter is not set.,Function \`public.get_travel_history\` has a role mutable search_path,https://supabase.com/docs/guides/database/database-linter?lint=0011_function_search_path_mutable,"{""name"":""get_travel_history"",""type"":""function"",""schema"":""public""}",function_search_path_mutable_public_get_travel_history_788c47cf961b375d5be5cea3b1fe9541
function_search_path_mutable,Function Search Path Mutable,WARN,EXTERNAL,"[""SECURITY""]",Detects functions where the search_path parameter is not set.,Function \`public.handle_card_status_automation\` has a role mutable search_path,https://supabase.com/docs/guides/database/database-linter?lint=0011_function_search_path_mutable,"{""name"":""handle_card_status_automation"",""type"":""function"",""schema"":""public""}",function_search_path_mutable_public_handle_card_status_automation_c6ce6cd833e97d1fcca993849dd2cf1a
function_search_path_mutable,Function Search Path Mutable,WARN,EXTERNAL,"[""SECURITY""]",Detects functions where the search_path parameter is not set.,Function \`public.handle_updated_at\` has a role mutable search_path,https://supabase.com/docs/guides/database/database-linter?lint=0011_function_search_path_mutable,"{""name"":""handle_updated_at"",""type"":""function"",""schema"":""public""}",function_search_path_mutable_public_handle_updated_at_e48740bd35e2a9e17c5e8ae049421527
function_search_path_mutable,Function Search Path Mutable,WARN,EXTERNAL,"[""SECURITY""]",Detects functions where the search_path parameter is not set.,Function \`public.jsonb_get_path\` has a role mutable search_path,https://supabase.com/docs/guides/database/database-linter?lint=0011_function_search_path_mutable,"{""name"":""jsonb_get_path"",""type"":""function"",""schema"":""public""}",function_search_path_mutable_public_jsonb_get_path_65d545b78306625e032e9b2199c0bb2b
function_search_path_mutable,Function Search Path Mutable,WARN,EXTERNAL,"[""SECURITY""]",Detects functions where the search_path parameter is not set.,Function \`public.log_outbound_card_event\` has a role mutable search_path,https://supabase.com/docs/guides/database/database-linter?lint=0011_function_search_path_mutable,"{""name"":""log_outbound_card_event"",""type"":""function"",""schema"":""public""}",function_search_path_mutable_public_log_outbound_card_event_946b73b72e70eb6c34444e8476adceb9
function_search_path_mutable,Function Search Path Mutable,WARN,EXTERNAL,"[""SECURITY""]",Detects functions where the search_path parameter is not set.,Function \`public.log_owner_change\` has a role mutable search_path,https://supabase.com/docs/guides/database/database-linter?lint=0011_function_search_path_mutable,"{""name"":""log_owner_change"",""type"":""function"",""schema"":""public""}",function_search_path_mutable_public_log_owner_change_e4aaa3c97becc42335e87b08a180ad7c
function_search_path_mutable,Function Search Path Mutable,WARN,EXTERNAL,"[""SECURITY""]",Detects functions where the search_path parameter is not set.,Function \`public.log_tarefa_activity_v2\` has a role mutable search_path,https://supabase.com/docs/guides/database/database-linter?lint=0011_function_search_path_mutable,"{""name"":""log_tarefa_activity_v2"",""type"":""function"",""schema"":""public""}",function_search_path_mutable_public_log_tarefa_activity_v2_777ef6fd54b957b60a5072e629ba29cb
function_search_path_mutable,Function Search Path Mutable,WARN,EXTERNAL,"[""SECURITY""]",Detects functions where the search_path parameter is not set.,Function \`public.match_documents_v2\` has a role mutable search_path,https://supabase.com/docs/guides/database/database-linter?lint=0011_function_search_path_mutable,"{""name"":""match_documents_v2"",""type"":""function"",""schema"":""public""}",function_search_path_mutable_public_match_documents_v2_743431e4b06cfc570a226d5760d18fff
function_search_path_mutable,Function Search Path Mutable,WARN,EXTERNAL,"[""SECURITY""]",Detects functions where the search_path parameter is not set.,Function \`public.mover_card\` has a role mutable search_path,https://supabase.com/docs/guides/database/database-linter?lint=0011_function_search_path_mutable,"{""name"":""mover_card"",""type"":""function"",""schema"":""public""}",function_search_path_mutable_public_mover_card_c8cdacead44348bff17a0f9991c26cd0
function_search_path_mutable,Function Search Path Mutable,WARN,EXTERNAL,"[""SECURITY""]",Detects functions where the search_path parameter is not set.,Function \`public.normalize_contato_meio\` has a role mutable search_path,https://supabase.com/docs/guides/database/database-linter?lint=0011_function_search_path_mutable,"{""name"":""normalize_contato_meio"",""type"":""function"",""schema"":""public""}",function_search_path_mutable_public_normalize_contato_meio_373ab68e4cc20ad7228444abce5b4291
function_search_path_mutable,Function Search Path Mutable,WARN,EXTERNAL,"[""SECURITY""]",Detects functions where the search_path parameter is not set.,Function \`public.normalize_phone\` has a role mutable search_path,https://supabase.com/docs/guides/database/database-linter?lint=0011_function_search_path_mutable,"{""name"":""normalize_phone"",""type"":""function"",""schema"":""public""}",function_search_path_mutable_public_normalize_phone_27e69c5978f5f514fe465e0c95a1741b
function_search_path_mutable,Function Search Path Mutable,WARN,EXTERNAL,"[""SECURITY""]",Detects functions where the search_path parameter is not set.,Function \`public.process_task_queue\` has a role mutable search_path,https://supabase.com/docs/guides/database/database-linter?lint=0011_function_search_path_mutable,"{""name"":""process_task_queue"",""type"":""function"",""schema"":""public""}",function_search_path_mutable_public_process_task_queue_72d86901f0762683779b2b53239b10c4
function_search_path_mutable,Function Search Path Mutable,WARN,EXTERNAL,"[""SECURITY""]",Detects functions where the search_path parameter is not set.,Function \`public.process_whatsapp_raw_event_v2\` has a role mutable search_path,https://supabase.com/docs/guides/database/database-linter?lint=0011_function_search_path_mutable,"{""name"":""process_whatsapp_raw_event_v2"",""type"":""function"",""schema"":""public""}",function_search_path_mutable_public_process_whatsapp_raw_event_v2_8b8d426a385478e56d6a956e62208ad6
function_search_path_mutable,Function Search Path Mutable,WARN,EXTERNAL,"[""SECURITY""]",Detects functions where the search_path parameter is not set.,Function \`public.schedule_tasks_on_stage_change\` has a role mutable search_path,https://supabase.com/docs/guides/database/database-linter?lint=0011_function_search_path_mutable,"{""name"":""schedule_tasks_on_stage_change"",""type"":""function"",""schema"":""public""}",function_search_path_mutable_public_schedule_tasks_on_stage_change_17be87b7ea01477ecb9bdb7766371804
function_search_path_mutable,Function Search Path Mutable,WARN,EXTERNAL,"[""SECURITY""]",Detects functions where the search_path parameter is not set.,Function \`public.should_sync_field\` has a role mutable search_path,https://supabase.com/docs/guides/database/database-linter?lint=0011_function_search_path_mutable,"{""name"":""should_sync_field"",""type"":""function"",""schema"":""public""}",function_search_path_mutable_public_should_sync_field_94e77948115a3715334863992360b0b4
function_search_path_mutable,Function Search Path Mutable,WARN,EXTERNAL,"[""SECURITY""]",Detects functions where the search_path parameter is not set.,Function \`public.snapshot_briefing_inicial\` has a role mutable search_path,https://supabase.com/docs/guides/database/database-linter?lint=0011_function_search_path_mutable,"{""name"":""snapshot_briefing_inicial"",""type"":""function"",""schema"":""public""}",function_search_path_mutable_public_snapshot_briefing_inicial_161b837a1a5de41678a10c8c16a8115a
function_search_path_mutable,Function Search Path Mutable,WARN,EXTERNAL,"[""SECURITY""]",Detects functions where the search_path parameter is not set.,Function \`public.sync_card_dates_to_json\` has a role mutable search_path,https://supabase.com/docs/guides/database/database-linter?lint=0011_function_search_path_mutable,"{""name"":""sync_card_dates_to_json"",""type"":""function"",""schema"":""public""}",function_search_path_mutable_public_sync_card_dates_to_json_b097e87cca022eb0f752f51c994d8fc9
function_search_path_mutable,Function Search Path Mutable,WARN,EXTERNAL,"[""SECURITY""]",Detects functions where the search_path parameter is not set.,Function \`public.sync_pipeline_stage_fase\` has a role mutable search_path,https://supabase.com/docs/guides/database/database-linter?lint=0011_function_search_path_mutable,"{""name"":""sync_pipeline_stage_fase"",""type"":""function"",""schema"":""public""}",function_search_path_mutable_public_sync_pipeline_stage_fase_19957914c66ca2e10aefdedfb5ab239a
function_search_path_mutable,Function Search Path Mutable,WARN,EXTERNAL,"[""SECURITY""]",Detects functions where the search_path parameter is not set.,Function \`public.update_inbound_triggers_timestamp\` has a role mutable search_path,https://supabase.com/docs/guides/database/database-linter?lint=0011_function_search_path_mutable,"{""name"":""update_inbound_triggers_timestamp"",""type"":""function"",""schema"":""public""}",function_search_path_mutable_public_update_inbound_triggers_timestamp_ef6b2d76360a727c9d6479352655b7ba
function_search_path_mutable,Function Search Path Mutable,WARN,EXTERNAL,"[""SECURITY""]",Detects functions where the search_path parameter is not set.,Function \`public.update_notas_updated_at\` has a role mutable search_path,https://supabase.com/docs/guides/database/database-linter?lint=0011_function_search_path_mutable,"{""name"":""update_notas_updated_at"",""type"":""function"",""schema"":""public""}",function_search_path_mutable_public_update_notas_updated_at_ef6b2d76360a727c9d6479352655b7ba
function_search_path_mutable,Function Search Path Mutable,WARN,EXTERNAL,"[""SECURITY""]",Detects functions where the search_path parameter is not set.,Function \`public.update_pipeline_card_settings_updated_at\` has a role mutable search_path,https://supabase.com/docs/guides/database/database-linter?lint=0011_function_search_path_mutable,"{""name"":""update_pipeline_card_settings_updated_at"",""type"":""function"",""schema"":""public""}",function_search_path_mutable_public_update_pipeline_card_settings_updated_at_da5ac28a58c8b4bb30209bf0d3d7082c
function_search_path_mutable,Function Search Path Mutable,WARN,EXTERNAL,"[""SECURITY""]",Detects functions where the search_path parameter is not set.,Function \`public.update_sections_updated_at\` has a role mutable search_path,https://supabase.com/docs/guides/database/database-linter?lint=0011_function_search_path_mutable,"{""name"":""update_sections_updated_at"",""type"":""function"",""schema"":""public""}",function_search_path_mutable_public_update_sections_updated_at_ef6b2d76360a727c9d6479352655b7ba
function_search_path_mutable,Function Search Path Mutable,WARN,EXTERNAL,"[""SECURITY""]",Detects functions where the search_path parameter is not set.,Function \`public.update_stage_entered_at\` has a role mutable search_path,https://supabase.com/docs/guides/database/database-linter?lint=0011_function_search_path_mutable,"{""name"":""update_stage_entered_at"",""type"":""function"",""schema"":""public""}",function_search_path_mutable_public_update_stage_entered_at_b4ebeb70edaa1040e052fe358d72878d
function_search_path_mutable,Function Search Path Mutable,WARN,EXTERNAL,"[""SECURITY""]",Detects functions where the search_path parameter is not set.,Function \`public.update_updated_at_column\` has a role mutable search_path,https://supabase.com/docs/guides/database/database-linter?lint=0011_function_search_path_mutable,"{""name"":""update_updated_at_column"",""type"":""function"",""schema"":""public""}",function_search_path_mutable_public_update_updated_at_column_06bcf30ac3d0a7f279a54cbf228a7bec
function_search_path_mutable,Function Search Path Mutable,WARN,EXTERNAL,"[""SECURITY""]",Detects functions where the search_path parameter is not set.,Function \`public.validate_card_data\` has a role mutable search_path,https://supabase.com/docs/guides/database/database-linter?lint=0011_function_search_path_mutable,"{""name"":""validate_card_data"",""type"":""function"",""schema"":""public""}",function_search_path_mutable_public_validate_card_data_a5179113c069ae831c872af2bd3b4ae7
function_search_path_mutable,Function Search Path Mutable,WARN,EXTERNAL,"[""SECURITY""]",Detects functions where the search_path parameter is not set.,Function \`public.execute_card_auto_creation\` has a role mutable search_path,https://supabase.com/docs/guides/database/database-linter?lint=0011_function_search_path_mutable,"{""name"":""execute_card_auto_creation"",""type"":""function"",""schema"":""public""}",function_search_path_mutable_public_execute_card_auto_creation_a295469b47ae98ab66e8eee1266247d0
extension_in_public,Extension in Public,WARN,EXTERNAL,"[""SECURITY""]",Detects extensions installed in the \`public\` schema.,Extension \`pg_trgm\` is installed in the public schema. Move it to another schema.,https://supabase.com/docs/guides/database/database-linter?lint=0014_extension_in_public,"{""name"":""pg_trgm"",""type"":""extension"",""schema"":""public""}",extension_in_public_pg_trgm
extension_in_public,Extension in Public,WARN,EXTERNAL,"[""SECURITY""]",Detects extensions installed in the \`public\` schema.,Extension \`unaccent\` is installed in the public schema. Move it to another schema.,https://supabase.com/docs/guides/database/database-linter?lint=0014_extension_in_public,"{""name"":""unaccent"",""type"":""extension"",""schema"":""public""}",extension_in_public_unaccent
extension_in_public,Extension in Public,WARN,EXTERNAL,"[""SECURITY""]",Detects extensions installed in the \`public\` schema.,Extension \`vector\` is installed in the public schema. Move it to another schema.,https://supabase.com/docs/guides/database/database-linter?lint=0014_extension_in_public,"{""name"":""vector"",""type"":""extension"",""schema"":""public""}",extension_in_public_vector
rls_policy_always_true,RLS Policy Always True,WARN,EXTERNAL,"[""SECURITY""]","Detects RLS policies that use overly permissive expressions like \`USING (true)\` or \`WITH CHECK (true)\` for UPDATE, DELETE, or INSERT operations. SELECT policies with \`USING (true)\` are intentionally excluded as this pattern is often used deliberately for public read access.",Table `public.activities` has an RLS policy `Users can insert activities` for `INSERT` that allows unrestricted access (WITH CHECK clause is always true). This effectively bypasses row-level security for authenticated.,https://supabase.com/docs/guides/database/database-linter?lint=0024_permissive_rls_policy,"{""name"":""activities"",""qual"":null,""type"":""table"",""roles"":[""authenticated""],""schema"":""public"",""command"":""INSERT"",""with_check"":""true"",""policy_name"":""Users can insert activities"",""permissive_using"":false,""permissive_with_check"":true}",rls_policy_always_true_public_activities_Users can insert activities
rls_policy_always_true,RLS Policy Always True,WARN,EXTERNAL,"[""SECURITY""]","Detects RLS policies that use overly permissive expressions like \`USING (true)\` or \`WITH CHECK (true)\` for UPDATE, DELETE, or INSERT operations. SELECT policies with \`USING (true)\` are intentionally excluded as this pattern is often used deliberately for public read access.",Table `public.api_request_logs` has an RLS policy `Service insert api_request_logs` for `INSERT` that allows unrestricted access (WITH CHECK clause is always true). This effectively bypasses row-level security for -.,https://supabase.com/docs/guides/database/database-linter?lint=0024_permissive_rls_policy,"{""name"":""api_request_logs"",""qual"":null,""type"":""table"",""roles"":[""-""],""schema"":""public"",""command"":""INSERT"",""with_check"":""true"",""policy_name"":""Service insert api_request_logs"",""permissive_using"":false,""permissive_with_check"":true}",rls_policy_always_true_public_api_request_logs_Service insert api_request_logs
rls_policy_always_true,RLS Policy Always True,WARN,EXTERNAL,"[""SECURITY""]","Detects RLS policies that use overly permissive expressions like \`USING (true)\` or \`WITH CHECK (true)\` for UPDATE, DELETE, or INSERT operations. SELECT policies with \`USING (true)\` are intentionally excluded as this pattern is often used deliberately for public read access.",Table `public.audit_logs` has an RLS policy `System insert audit logs` for `INSERT` that allows unrestricted access (WITH CHECK clause is always true). This effectively bypasses row-level security for -.,https://supabase.com/docs/guides/database/database-linter?lint=0024_permissive_rls_policy,"{""name"":""audit_logs"",""qual"":null,""type"":""table"",""roles"":[""-""],""schema"":""public"",""command"":""INSERT"",""with_check"":""true"",""policy_name"":""System insert audit logs"",""permissive_using"":false,""permissive_with_check"":true}",rls_policy_always_true_public_audit_logs_System insert audit logs
rls_policy_always_true,RLS Policy Always True,WARN,EXTERNAL,"[""SECURITY""]","Detects RLS policies that use overly permissive expressions like \`USING (true)\` or \`WITH CHECK (true)\` for UPDATE, DELETE, or INSERT operations. SELECT policies with \`USING (true)\` are intentionally excluded as this pattern is often used deliberately for public read access.",Table `public.automation_log` has an RLS policy `Authenticated users can insert automation logs` for `INSERT` that allows unrestricted access (WITH CHECK clause is always true). This effectively bypasses row-level security for authenticated.,https://supabase.com/docs/guides/database/database-linter?lint=0024_permissive_rls_policy,"{""name"":""automation_log"",""qual"":null,""type"":""table"",""roles"":[""authenticated""],""schema"":""public"",""command"":""INSERT"",""with_check"":""true"",""policy_name"":""Authenticated users can insert automation logs"",""permissive_using"":false,""permissive_with_check"":true}",rls_policy_always_true_public_automation_log_Authenticated users can insert automation logs
rls_policy_always_true,RLS Policy Always True,WARN,EXTERNAL,"[""SECURITY""]","Detects RLS policies that use overly permissive expressions like \`USING (true)\` or \`WITH CHECK (true)\` for UPDATE, DELETE, or INSERT operations. SELECT policies with \`USING (true)\` are intentionally excluded as this pattern is often used deliberately for public read access.",Table `public.cadence_event_log` has an RLS policy `cadence_event_log_insert` for `INSERT` that allows unrestricted access (WITH CHECK clause is always true). This effectively bypasses row-level security for -.,https://supabase.com/docs/guides/database/database-linter?lint=0024_permissive_rls_policy,"{""name"":""cadence_event_log"",""qual"":null,""type"":""table"",""roles"":[""-""],""schema"":""public"",""command"":""INSERT"",""with_check"":""true"",""policy_name"":""cadence_event_log_insert"",""permissive_using"":false,""permissive_with_check"":true}",rls_policy_always_true_public_cadence_event_log_cadence_event_log_insert
rls_policy_always_true,RLS Policy Always True,WARN,EXTERNAL,"[""SECURITY""]","Detects RLS policies that use overly permissive expressions like \`USING (true)\` or \`WITH CHECK (true)\` for UPDATE, DELETE, or INSERT operations. SELECT policies with \`USING (true)\` are intentionally excluded as this pattern is often used deliberately for public read access.",Table `public.card_auto_creation_rules` has an RLS policy `Authenticated users can manage rules` for `ALL` that allows unrestricted access (both USING and WITH CHECK are always true). This effectively bypasses row-level security for authenticated.,https://supabase.com/docs/guides/database/database-linter?lint=0024_permissive_rls_policy,"{""name"":""card_auto_creation_rules"",""qual"":""true"",""type"":""table"",""roles"":[""authenticated""],""schema"":""public"",""command"":""ALL"",""with_check"":""true"",""policy_name"":""Authenticated users can manage rules"",""permissive_using"":true,""permissive_with_check"":true}",rls_policy_always_true_public_card_auto_creation_rules_Authenticated users can manage rules
rls_policy_always_true,RLS Policy Always True,WARN,EXTERNAL,"[""SECURITY""]","Detects RLS policies that use overly permissive expressions like \`USING (true)\` or \`WITH CHECK (true)\` for UPDATE, DELETE, or INSERT operations. SELECT policies with \`USING (true)\` are intentionally excluded as this pattern is often used deliberately for public read access.",Table `public.cards` has an RLS policy `Cards update by authenticated` for `UPDATE` that allows unrestricted access (both USING and WITH CHECK are always true). This effectively bypasses row-level security for authenticated.,https://supabase.com/docs/guides/database/database-linter?lint=0024_permissive_rls_policy,"{""name"":""cards"",""qual"":""true"",""type"":""table"",""roles"":[""authenticated""],""schema"":""public"",""command"":""UPDATE"",""with_check"":""true"",""policy_name"":""Cards update by authenticated"",""permissive_using"":true,""permissive_with_check"":true}",rls_policy_always_true_public_cards_Cards update by authenticated
rls_policy_always_true,RLS Policy Always True,WARN,EXTERNAL,"[""SECURITY""]","Detects RLS policies that use overly permissive expressions like \`USING (true)\` or \`WITH CHECK (true)\` for UPDATE, DELETE, or INSERT operations. SELECT policies with \`USING (true)\` are intentionally excluded as this pattern is often used deliberately for public read access.",Table `public.cards_contatos` has an RLS policy `Usuarios autenticados podem atualizar cards_contatos` for `UPDATE` that allows unrestricted access (both USING and WITH CHECK are always true). This effectively bypasses row-level security for authenticated.,https://supabase.com/docs/guides/database/database-linter?lint=0024_permissive_rls_policy,"{""name"":""cards_contatos"",""qual"":""true"",""type"":""table"",""roles"":[""authenticated""],""schema"":""public"",""command"":""UPDATE"",""with_check"":""true"",""policy_name"":""Usuarios autenticados podem atualizar cards_contatos"",""permissive_using"":true,""permissive_with_check"":true}",rls_policy_always_true_public_cards_contatos_Usuarios autenticados podem atualizar cards_contatos
rls_policy_always_true,RLS Policy Always True,WARN,EXTERNAL,"[""SECURITY""]","Detects RLS policies that use overly permissive expressions like \`USING (true)\` or \`WITH CHECK (true)\` for UPDATE, DELETE, or INSERT operations. SELECT policies with \`USING (true)\` are intentionally excluded as this pattern is often used deliberately for public read access.",Table `public.cards_contatos` has an RLS policy `Usuarios autenticados podem criar cards_contatos` for `INSERT` that allows unrestricted access (WITH CHECK clause is always true). This effectively bypasses row-level security for authenticated.,https://supabase.com/docs/guides/database/database-linter?lint=0024_permissive_rls_policy,"{""name"":""cards_contatos"",""qual"":null,""type"":""table"",""roles"":[""authenticated""],""schema"":""public"",""command"":""INSERT"",""with_check"":""true"",""policy_name"":""Usuarios autenticados podem criar cards_contatos"",""permissive_using"":false,""permissive_with_check"":true}",rls_policy_always_true_public_cards_contatos_Usuarios autenticados podem criar cards_contatos
rls_policy_always_true,RLS Policy Always True,WARN,EXTERNAL,"[""SECURITY""]","Detects RLS policies that use overly permissive expressions like \`USING (true)\` or \`WITH CHECK (true)\` for UPDATE, DELETE, or INSERT operations. SELECT policies with \`USING (true)\` are intentionally excluded as this pattern is often used deliberately for public read access.",Table `public.cards_contatos` has an RLS policy `Usuarios autenticados podem deletar cards_contatos` for `DELETE` that allows unrestricted access (USING clause is always true). This effectively bypasses row-level security for authenticated.,https://supabase.com/docs/guides/database/database-linter?lint=0024_permissive_rls_policy,"{""name"":""cards_contatos"",""qual"":""true"",""type"":""table"",""roles"":[""authenticated""],""schema"":""public"",""command"":""DELETE"",""with_check"":null,""policy_name"":""Usuarios autenticados podem deletar cards_contatos"",""permissive_using"":true,""permissive_with_check"":false}",rls_policy_always_true_public_cards_contatos_Usuarios autenticados podem deletar cards_contatos
rls_policy_always_true,RLS Policy Always True,WARN,EXTERNAL,"[""SECURITY""]","Detects RLS policies that use overly permissive expressions like \`USING (true)\` or \`WITH CHECK (true)\` for UPDATE, DELETE, or INSERT operations. SELECT policies with \`USING (true)\` are intentionally excluded as this pattern is often used deliberately for public read access.",Table `public.contato_meios` has an RLS policy `contato_meios_delete` for `DELETE` that allows unrestricted access (USING clause is always true). This effectively bypasses row-level security for authenticated.,https://supabase.com/docs/guides/database/database-linter?lint=0024_permissive_rls_policy,"{""name"":""contato_meios"",""qual"":""true"",""type"":""table"",""roles"":[""authenticated""],""schema"":""public"",""command"":""DELETE"",""with_check"":null,""policy_name"":""contato_meios_delete"",""permissive_using"":true,""permissive_with_check"":false}",rls_policy_always_true_public_contato_meios_contato_meios_delete
rls_policy_always_true,RLS Policy Always True,WARN,EXTERNAL,"[""SECURITY""]","Detects RLS policies that use overly permissive expressions like \`USING (true)\` or \`WITH CHECK (true)\` for UPDATE, DELETE, or INSERT operations. SELECT policies with \`USING (true)\` are intentionally excluded as this pattern is often used deliberately for public read access.",Table `public.contato_meios` has an RLS policy `contato_meios_insert` for `INSERT` that allows unrestricted access (WITH CHECK clause is always true). This effectively bypasses row-level security for authenticated.,https://supabase.com/docs/guides/database/database-linter?lint=0024_permissive_rls_policy,"{""name"":""contato_meios"",""qual"":null,""type"":""table"",""roles"":[""authenticated""],""schema"":""public"",""command"":""INSERT"",""with_check"":""true"",""policy_name"":""contato_meios_insert"",""permissive_using"":false,""permissive_with_check"":true}",rls_policy_always_true_public_contato_meios_contato_meios_insert
rls_policy_always_true,RLS Policy Always True,WARN,EXTERNAL,"[""SECURITY""]","Detects RLS policies that use overly permissive expressions like \`USING (true)\` or \`WITH CHECK (true)\` for UPDATE, DELETE, or INSERT operations. SELECT policies with \`USING (true)\` are intentionally excluded as this pattern is often used deliberately for public read access.",Table `public.contato_meios` has an RLS policy `contato_meios_update` for `UPDATE` that allows unrestricted access (both USING and WITH CHECK are always true). This effectively bypasses row-level security for authenticated.,https://supabase.com/docs/guides/database/database-linter?lint=0024_permissive_rls_policy,"{""name"":""contato_meios"",""qual"":""true"",""type"":""table"",""roles"":[""authenticated""],""schema"":""public"",""command"":""UPDATE"",""with_check"":""true"",""policy_name"":""contato_meios_update"",""permissive_using"":true,""permissive_with_check"":true}",rls_policy_always_true_public_contato_meios_contato_meios_update
rls_policy_always_true,RLS Policy Always True,WARN,EXTERNAL,"[""SECURITY""]","Detects RLS policies that use overly permissive expressions like \`USING (true)\` or \`WITH CHECK (true)\` for UPDATE, DELETE, or INSERT operations. SELECT policies with \`USING (true)\` are intentionally excluded as this pattern is often used deliberately for public read access.",Table `public.contatos` has an RLS policy `Usuarios autenticados podem atualizar contatos` for `UPDATE` that allows unrestricted access (both USING and WITH CHECK are always true). This effectively bypasses row-level security for authenticated.,https://supabase.com/docs/guides/database/database-linter?lint=0024_permissive_rls_policy,"{""name"":""contatos"",""qual"":""true"",""type"":""table"",""roles"":[""authenticated""],""schema"":""public"",""command"":""UPDATE"",""with_check"":""true"",""policy_name"":""Usuarios autenticados podem atualizar contatos"",""permissive_using"":true,""permissive_with_check"":true}",rls_policy_always_true_public_contatos_Usuarios autenticados podem atualizar contatos
rls_policy_always_true,RLS Policy Always True,WARN,EXTERNAL,"[""SECURITY""]","Detects RLS policies that use overly permissive expressions like \`USING (true)\` or \`WITH CHECK (true)\` for UPDATE, DELETE, or INSERT operations. SELECT policies with \`USING (true)\` are intentionally excluded as this pattern is often used deliberately for public read access.",Table `public.contatos` has an RLS policy `Usuarios autenticados podem criar contatos` for `INSERT` that allows unrestricted access (WITH CHECK clause is always true). This effectively bypasses row-level security for authenticated.,https://supabase.com/docs/guides/database/database-linter?lint=0024_permissive_rls_policy,"{""name"":""contatos"",""qual"":null,""type"":""table"",""roles"":[""authenticated""],""schema"":""public"",""command"":""INSERT"",""with_check"":""true"",""policy_name"":""Usuarios autenticados podem criar contatos"",""permissive_using"":false,""permissive_with_check"":true}",rls_policy_always_true_public_contatos_Usuarios autenticados podem criar contatos
rls_policy_always_true,RLS Policy Always True,WARN,EXTERNAL,"[""SECURITY""]","Detects RLS policies that use overly permissive expressions like \`USING (true)\` or \`WITH CHECK (true)\` for UPDATE, DELETE, or INSERT operations. SELECT policies with \`USING (true)\` are intentionally excluded as this pattern is often used deliberately for public read access.",Table `public.contatos` has an RLS policy `Usuarios autenticados podem deletar contatos` for `DELETE` that allows unrestricted access (USING clause is always true). This effectively bypasses row-level security for authenticated.,https://supabase.com/docs/guides/database/database-linter?lint=0024_permissive_rls_policy,"{""name"":""contatos"",""qual"":""true"",""type"":""table"",""roles"":[""authenticated""],""schema"":""public"",""command"":""DELETE"",""with_check"":null,""policy_name"":""Usuarios autenticados podem deletar contatos"",""permissive_using"":true,""permissive_with_check"":false}",rls_policy_always_true_public_contatos_Usuarios autenticados podem deletar contatos
rls_policy_always_true,RLS Policy Always True,WARN,EXTERNAL,"[""SECURITY""]","Detects RLS policies that use overly permissive expressions like \`USING (true)\` or \`WITH CHECK (true)\` for UPDATE, DELETE, or INSERT operations. SELECT policies with \`USING (true)\` are intentionally excluded as this pattern is often used deliberately for public read access.",Table `public.integration_inbound_triggers` has an RLS policy `Allow authenticated delete` for `DELETE` that allows unrestricted access (USING clause is always true). This effectively bypasses row-level security for authenticated.,https://supabase.com/docs/guides/database/database-linter?lint=0024_permissive_rls_policy,"{""name"":""integration_inbound_triggers"",""qual"":""true"",""type"":""table"",""roles"":[""authenticated""],""schema"":""public"",""command"":""DELETE"",""with_check"":null,""policy_name"":""Allow authenticated delete"",""permissive_using"":true,""permissive_with_check"":false}",rls_policy_always_true_public_integration_inbound_triggers_Allow authenticated delete
rls_policy_always_true,RLS Policy Always True,WARN,EXTERNAL,"[""SECURITY""]","Detects RLS policies that use overly permissive expressions like \`USING (true)\` or \`WITH CHECK (true)\` for UPDATE, DELETE, or INSERT operations. SELECT policies with \`USING (true)\` are intentionally excluded as this pattern is often used deliberately for public read access.",Table `public.integration_inbound_triggers` has an RLS policy `Allow authenticated insert` for `INSERT` that allows unrestricted access (WITH CHECK clause is always true). This effectively bypasses row-level security for authenticated.,https://supabase.com/docs/guides/database/database-linter?lint=0024_permissive_rls_policy,"{""name"":""integration_inbound_triggers"",""qual"":null,""type"":""table"",""roles"":[""authenticated""],""schema"":""public"",""command"":""INSERT"",""with_check"":""true"",""policy_name"":""Allow authenticated insert"",""permissive_using"":false,""permissive_with_check"":true}",rls_policy_always_true_public_integration_inbound_triggers_Allow authenticated insert
rls_policy_always_true,RLS Policy Always True,WARN,EXTERNAL,"[""SECURITY""]","Detects RLS policies that use overly permissive expressions like \`USING (true)\` or \`WITH CHECK (true)\` for UPDATE, DELETE, or INSERT operations. SELECT policies with \`USING (true)\` are intentionally excluded as this pattern is often used deliberately for public read access.",Table `public.integration_inbound_triggers` has an RLS policy `Allow authenticated update` for `UPDATE` that allows unrestricted access (both USING and WITH CHECK are always true). This effectively bypasses row-level security for authenticated.,https://supabase.com/docs/guides/database/database-linter?lint=0024_permissive_rls_policy,"{""name"":""integration_inbound_triggers"",""qual"":""true"",""type"":""table"",""roles"":[""authenticated""],""schema"":""public"",""command"":""UPDATE"",""with_check"":""true"",""policy_name"":""Allow authenticated update"",""permissive_using"":true,""permissive_with_check"":true}",rls_policy_always_true_public_integration_inbound_triggers_Allow authenticated update
rls_policy_always_true,RLS Policy Always True,WARN,EXTERNAL,"[""SECURITY""]","Detects RLS policies that use overly permissive expressions like \`USING (true)\` or \`WITH CHECK (true)\` for UPDATE, DELETE, or INSERT operations. SELECT policies with \`USING (true)\` are intentionally excluded as this pattern is often used deliberately for public read access.",Table `public.integration_outbound_queue` has an RLS policy `Allow trigger insert` for `INSERT` that allows unrestricted access (WITH CHECK clause is always true). This effectively bypasses row-level security for authenticated.,https://supabase.com/docs/guides/database/database-linter?lint=0024_permissive_rls_policy,"{""name"":""integration_outbound_queue"",""qual"":null,""type"":""table"",""roles"":[""authenticated""],""schema"":""public"",""command"":""INSERT"",""with_check"":""true"",""policy_name"":""Allow trigger insert"",""permissive_using"":false,""permissive_with_check"":true}",rls_policy_always_true_public_integration_outbound_queue_Allow trigger insert
rls_policy_always_true,RLS Policy Always True,WARN,EXTERNAL,"[""SECURITY""]","Detects RLS policies that use overly permissive expressions like \`USING (true)\` or \`WITH CHECK (true)\` for UPDATE, DELETE, or INSERT operations. SELECT policies with \`USING (true)\` are intentionally excluded as this pattern is often used deliberately for public read access.",Table `public.pipeline_phases` has an RLS policy `Allow update for authenticated users` for `UPDATE` that allows unrestricted access (both USING and WITH CHECK are always true). This effectively bypasses row-level security for authenticated.,https://supabase.com/docs/guides/database/database-linter?lint=0024_permissive_rls_policy,"{""name"":""pipeline_phases"",""qual"":""true"",""type"":""table"",""roles"":[""authenticated""],""schema"":""public"",""command"":""UPDATE"",""with_check"":""true"",""policy_name"":""Allow update for authenticated users"",""permissive_using"":true,""permissive_with_check"":true}",rls_policy_always_true_public_pipeline_phases_Allow update for authenticated users
rls_policy_always_true,RLS Policy Always True,WARN,EXTERNAL,"[""SECURITY""]","Detects RLS policies that use overly permissive expressions like \`USING (true)\` or \`WITH CHECK (true)\` for UPDATE, DELETE, or INSERT operations. SELECT policies with \`USING (true)\` are intentionally excluded as this pattern is often used deliberately for public read access.",Table `public.proposal_client_selections` has an RLS policy `Allow public insert` for `INSERT` that allows unrestricted access (WITH CHECK clause is always true). This effectively bypasses row-level security for -.,https://supabase.com/docs/guides/database/database-linter?lint=0024_permissive_rls_policy,"{""name"":""proposal_client_selections"",""qual"":null,""type"":""table"",""roles"":[""-""],""schema"":""public"",""command"":""INSERT"",""with_check"":""true"",""policy_name"":""Allow public insert"",""permissive_using"":false,""permissive_with_check"":true}",rls_policy_always_true_public_proposal_client_selections_Allow public insert
rls_policy_always_true,RLS Policy Always True,WARN,EXTERNAL,"[""SECURITY""]","Detects RLS policies that use overly permissive expressions like \`USING (true)\` or \`WITH CHECK (true)\` for UPDATE, DELETE, or INSERT operations. SELECT policies with \`USING (true)\` are intentionally excluded as this pattern is often used deliberately for public read access.","Table `public.proposal_client_selections` has an RLS policy `Anyone can insert selections` for `INSERT` that allows unrestricted access (WITH CHECK clause is always true). This effectively bypasses row-level security for authenticated, anon.",https://supabase.com/docs/guides/database/database-linter?lint=0024_permissive_rls_policy,"{""name"":""proposal_client_selections"",""qual"":null,""type"":""table"",""roles"":[""authenticated"",""anon""],""schema"":""public"",""command"":""INSERT"",""with_check"":""true"",""policy_name"":""Anyone can insert selections"",""permissive_using"":false,""permissive_with_check"":true}",rls_policy_always_true_public_proposal_client_selections_Anyone can insert selections
rls_policy_always_true,RLS Policy Always True,WARN,EXTERNAL,"[""SECURITY""]","Detects RLS policies that use overly permissive expressions like \`USING (true)\` or \`WITH CHECK (true)\` for UPDATE, DELETE, or INSERT operations. SELECT policies with \`USING (true)\` are intentionally excluded as this pattern is often used deliberately for public read access.","Table `public.proposal_client_selections` has an RLS policy `Anyone can update selections` for `UPDATE` that allows unrestricted access (both USING and WITH CHECK are always true). This effectively bypasses row-level security for authenticated, anon.",https://supabase.com/docs/guides/database/database-linter?lint=0024_permissive_rls_policy,"{""name"":""proposal_client_selections"",""qual"":""true"",""type"":""table"",""roles"":[""authenticated"",""anon""],""schema"":""public"",""command"":""UPDATE"",""with_check"":null,""policy_name"":""Anyone can update selections"",""permissive_using"":true,""permissive_with_check"":true}",rls_policy_always_true_public_proposal_client_selections_Anyone can update selections
rls_policy_always_true,RLS Policy Always True,WARN,EXTERNAL,"[""SECURITY""]","Detects RLS policies that use overly permissive expressions like \`USING (true)\` or \`WITH CHECK (true)\` for UPDATE, DELETE, or INSERT operations. SELECT policies with \`USING (true)\` are intentionally excluded as this pattern is often used deliberately for public read access.",Table `public.proposal_comments` has an RLS policy `Allow inserting comments` for `INSERT` that allows unrestricted access (WITH CHECK clause is always true). This effectively bypasses row-level security for -.,https://supabase.com/docs/guides/database/database-linter?lint=0024_permissive_rls_policy,"{""name"":""proposal_comments"",""qual"":null,""type"":""table"",""roles"":[""-""],""schema"":""public"",""command"":""INSERT"",""with_check"":""true"",""policy_name"":""Allow inserting comments"",""permissive_using"":false,""permissive_with_check"":true}",rls_policy_always_true_public_proposal_comments_Allow inserting comments
rls_policy_always_true,RLS Policy Always True,WARN,EXTERNAL,"[""SECURITY""]","Detects RLS policies that use overly permissive expressions like \`USING (true)\` or \`WITH CHECK (true)\` for UPDATE, DELETE, or INSERT operations. SELECT policies with \`USING (true)\` are intentionally excluded as this pattern is often used deliberately for public read access.","Table `public.proposal_events` has an RLS policy `Anyone can insert proposal events` for `INSERT` that allows unrestricted access (WITH CHECK clause is always true). This effectively bypasses row-level security for authenticated, anon.",https://supabase.com/docs/guides/database/database-linter?lint=0024_permissive_rls_policy,"{""name"":""proposal_events"",""qual"":null,""type"":""table"",""roles"":[""authenticated"",""anon""],""schema"":""public"",""command"":""INSERT"",""with_check"":""true"",""policy_name"":""Anyone can insert proposal events"",""permissive_using"":false,""permissive_with_check"":true}",rls_policy_always_true_public_proposal_events_Anyone can insert proposal events
rls_policy_always_true,RLS Policy Always True,WARN,EXTERNAL,"[""SECURITY""]","Detects RLS policies that use overly permissive expressions like \`USING (true)\` or \`WITH CHECK (true)\` for UPDATE, DELETE, or INSERT operations. SELECT policies with \`USING (true)\` are intentionally excluded as this pattern is often used deliberately for public read access.",Table `public.proposal_items` has an RLS policy `Users can delete proposal items` for `DELETE` that allows unrestricted access (USING clause is always true). This effectively bypasses row-level security for authenticated.,https://supabase.com/docs/guides/database/database-linter?lint=0024_permissive_rls_policy,"{""name"":""proposal_items"",""qual"":""true"",""type"":""table"",""roles"":[""authenticated""],""schema"":""public"",""command"":""DELETE"",""with_check"":null,""policy_name"":""Users can delete proposal items"",""permissive_using"":true,""permissive_with_check"":false}",rls_policy_always_true_public_proposal_items_Users can delete proposal items
rls_policy_always_true,RLS Policy Always True,WARN,EXTERNAL,"[""SECURITY""]","Detects RLS policies that use overly permissive expressions like \`USING (true)\` or \`WITH CHECK (true)\` for UPDATE, DELETE, or INSERT operations. SELECT policies with \`USING (true)\` are intentionally excluded as this pattern is often used deliberately for public read access.",Table `public.proposal_items` has an RLS policy `Users can insert proposal items` for `INSERT` that allows unrestricted access (WITH CHECK clause is always true). This effectively bypasses row-level security for authenticated.,https://supabase.com/docs/guides/database/database-linter?lint=0024_permissive_rls_policy,"{""name"":""proposal_items"",""qual"":null,""type"":""table"",""roles"":[""authenticated""],""schema"":""public"",""command"":""INSERT"",""with_check"":""true"",""policy_name"":""Users can insert proposal items"",""permissive_using"":false,""permissive_with_check"":true}",rls_policy_always_true_public_proposal_items_Users can insert proposal items
rls_policy_always_true,RLS Policy Always True,WARN,EXTERNAL,"[""SECURITY""]","Detects RLS policies that use overly permissive expressions like \`USING (true)\` or \`WITH CHECK (true)\` for UPDATE, DELETE, or INSERT operations. SELECT policies with \`USING (true)\` are intentionally excluded as this pattern is often used deliberately for public read access.",Table `public.proposal_items` has an RLS policy `Users can update proposal items` for `UPDATE` that allows unrestricted access (both USING and WITH CHECK are always true). This effectively bypasses row-level security for authenticated.,https://supabase.com/docs/guides/database/database-linter?lint=0024_permissive_rls_policy,"{""name"":""proposal_items"",""qual"":""true"",""type"":""table"",""roles"":[""authenticated""],""schema"":""public"",""command"":""UPDATE"",""with_check"":null,""policy_name"":""Users can update proposal items"",""permissive_using"":true,""permissive_with_check"":true}",rls_policy_always_true_public_proposal_items_Users can update proposal items
rls_policy_always_true,RLS Policy Always True,WARN,EXTERNAL,"[""SECURITY""]","Detects RLS policies that use overly permissive expressions like \`USING (true)\` or \`WITH CHECK (true)\` for UPDATE, DELETE, or INSERT operations. SELECT policies with \`USING (true)\` are intentionally excluded as this pattern is often used deliberately for public read access.",Table `public.proposal_options` has an RLS policy `Users can delete proposal options` for `DELETE` that allows unrestricted access (USING clause is always true). This effectively bypasses row-level security for authenticated.,https://supabase.com/docs/guides/database/database-linter?lint=0024_permissive_rls_policy,"{""name"":""proposal_options"",""qual"":""true"",""type"":""table"",""roles"":[""authenticated""],""schema"":""public"",""command"":""DELETE"",""with_check"":null,""policy_name"":""Users can delete proposal options"",""permissive_using"":true,""permissive_with_check"":false}",rls_policy_always_true_public_proposal_options_Users can delete proposal options
rls_policy_always_true,RLS Policy Always True,WARN,EXTERNAL,"[""SECURITY""]","Detects RLS policies that use overly permissive expressions like \`USING (true)\` or \`WITH CHECK (true)\` for UPDATE, DELETE, or INSERT operations. SELECT policies with \`USING (true)\` are intentionally excluded as this pattern is often used deliberately for public read access.",Table `public.proposal_options` has an RLS policy `Users can insert proposal options` for `INSERT` that allows unrestricted access (WITH CHECK clause is always true). This effectively bypasses row-level security for authenticated.,https://supabase.com/docs/guides/database/database-linter?lint=0024_permissive_rls_policy,"{""name"":""proposal_options"",""qual"":null,""type"":""table"",""roles"":[""authenticated""],""schema"":""public"",""command"":""INSERT"",""with_check"":""true"",""policy_name"":""Users can insert proposal options"",""permissive_using"":false,""permissive_with_check"":true}",rls_policy_always_true_public_proposal_options_Users can insert proposal options
rls_policy_always_true,RLS Policy Always True,WARN,EXTERNAL,"[""SECURITY""]","Detects RLS policies that use overly permissive expressions like \`USING (true)\` or \`WITH CHECK (true)\` for UPDATE, DELETE, or INSERT operations. SELECT policies with \`USING (true)\` are intentionally excluded as this pattern is often used deliberately for public read access.",Table `public.proposal_options` has an RLS policy `Users can update proposal options` for `UPDATE` that allows unrestricted access (both USING and WITH CHECK are always true). This effectively bypasses row-level security for authenticated.,https://supabase.com/docs/guides/database/database-linter?lint=0024_permissive_rls_policy,"{""name"":""proposal_options"",""qual"":""true"",""type"":""table"",""roles"":[""authenticated""],""schema"":""public"",""command"":""UPDATE"",""with_check"":null,""policy_name"":""Users can update proposal options"",""permissive_using"":true,""permissive_with_check"":true}",rls_policy_always_true_public_proposal_options_Users can update proposal options
rls_policy_always_true,RLS Policy Always True,WARN,EXTERNAL,"[""SECURITY""]","Detects RLS policies that use overly permissive expressions like \`USING (true)\` or \`WITH CHECK (true)\` for UPDATE, DELETE, or INSERT operations. SELECT policies with \`USING (true)\` are intentionally excluded as this pattern is often used deliberately for public read access.",Table `public.proposal_sections` has an RLS policy `Users can delete proposal sections` for `DELETE` that allows unrestricted access (USING clause is always true). This effectively bypasses row-level security for authenticated.,https://supabase.com/docs/guides/database/database-linter?lint=0024_permissive_rls_policy,"{""name"":""proposal_sections"",""qual"":""true"",""type"":""table"",""roles"":[""authenticated""],""schema"":""public"",""command"":""DELETE"",""with_check"":null,""policy_name"":""Users can delete proposal sections"",""permissive_using"":true,""permissive_with_check"":false}",rls_policy_always_true_public_proposal_sections_Users can delete proposal sections
rls_policy_always_true,RLS Policy Always True,WARN,EXTERNAL,"[""SECURITY""]","Detects RLS policies that use overly permissive expressions like \`USING (true)\` or \`WITH CHECK (true)\` for UPDATE, DELETE, or INSERT operations. SELECT policies with \`USING (true)\` are intentionally excluded as this pattern is often used deliberately for public read access.",Table `public.proposal_sections` has an RLS policy `Users can insert proposal sections` for `INSERT` that allows unrestricted access (WITH CHECK clause is always true). This effectively bypasses row-level security for authenticated.,https://supabase.com/docs/guides/database/database-linter?lint=0024_permissive_rls_policy,"{""name"":""proposal_sections"",""qual"":null,""type"":""table"",""roles"":[""authenticated""],""schema"":""public"",""command"":""INSERT"",""with_check"":""true"",""policy_name"":""Users can insert proposal sections"",""permissive_using"":false,""permissive_with_check"":true}",rls_policy_always_true_public_proposal_sections_Users can insert proposal sections
rls_policy_always_true,RLS Policy Always True,WARN,EXTERNAL,"[""SECURITY""]","Detects RLS policies that use overly permissive expressions like \`USING (true)\` or \`WITH CHECK (true)\` for UPDATE, DELETE, or INSERT operations. SELECT policies with \`USING (true)\` are intentionally excluded as this pattern is often used deliberately for public read access.",Table `public.proposal_sections` has an RLS policy `Users can update proposal sections` for `UPDATE` that allows unrestricted access (both USING and WITH CHECK are always true). This effectively bypasses row-level security for authenticated.,https://supabase.com/docs/guides/database/database-linter?lint=0024_permissive_rls_policy,"{""name"":""proposal_sections"",""qual"":""true"",""type"":""table"",""roles"":[""authenticated""],""schema"":""public"",""command"":""UPDATE"",""with_check"":null,""policy_name"":""Users can update proposal sections"",""permissive_using"":true,""permissive_with_check"":true}",rls_policy_always_true_public_proposal_sections_Users can update proposal sections
rls_policy_always_true,RLS Policy Always True,WARN,EXTERNAL,"[""SECURITY""]","Detects RLS policies that use overly permissive expressions like \`USING (true)\` or \`WITH CHECK (true)\` for UPDATE, DELETE, or INSERT operations. SELECT policies with \`USING (true)\` are intentionally excluded as this pattern is often used deliberately for public read access.",Table `public.proposals` has an RLS policy `Users can update proposals` for `UPDATE` that allows unrestricted access (both USING and WITH CHECK are always true). This effectively bypasses row-level security for authenticated.,https://supabase.com/docs/guides/database/database-linter?lint=0024_permissive_rls_policy,"{""name"":""proposals"",""qual"":""true"",""type"":""table"",""roles"":[""authenticated""],""schema"":""public"",""command"":""UPDATE"",""with_check"":null,""policy_name"":""Users can update proposals"",""permissive_using"":true,""permissive_with_check"":true}",rls_policy_always_true_public_proposals_Users can update proposals
rls_policy_always_true,RLS Policy Always True,WARN,EXTERNAL,"[""SECURITY""]","Detects RLS policies that use overly permissive expressions like \`USING (true)\` or \`WITH CHECK (true)\` for UPDATE, DELETE, or INSERT operations. SELECT policies with \`USING (true)\` are intentionally excluded as this pattern is often used deliberately for public read access.",Table `public.webhook_logs` has an RLS policy `Enable insert access for all users` for `INSERT` that allows unrestricted access (WITH CHECK clause is always true). This effectively bypasses row-level security for -.,https://supabase.com/docs/guides/database/database-linter?lint=0024_permissive_rls_policy,"{""name"":""webhook_logs"",""qual"":null,""type"":""table"",""roles"":[""-""],""schema"":""public"",""command"":""INSERT"",""with_check"":""true"",""policy_name"":""Enable insert access for all users"",""permissive_using"":false,""permissive_with_check"":true}",rls_policy_always_true_public_webhook_logs_Enable insert access for all users
rls_policy_always_true,RLS Policy Always True,WARN,EXTERNAL,"[""SECURITY""]","Detects RLS policies that use overly permissive expressions like \`USING (true)\` or \`WITH CHECK (true)\` for UPDATE, DELETE, or INSERT operations. SELECT policies with \`USING (true)\` are intentionally excluded as this pattern is often used deliberately for public read access.",Table `public.whatsapp_custom_fields` has an RLS policy `Authenticated users can manage whatsapp_custom_fields` for `ALL` that allows unrestricted access (both USING and WITH CHECK are always true). This effectively bypasses row-level security for authenticated.,https://supabase.com/docs/guides/database/database-linter?lint=0024_permissive_rls_policy,"{""name"":""whatsapp_custom_fields"",""qual"":""true"",""type"":""table"",""roles"":[""authenticated""],""schema"":""public"",""command"":""ALL"",""with_check"":""true"",""policy_name"":""Authenticated users can manage whatsapp_custom_fields"",""permissive_using"":true,""permissive_with_check"":true}",rls_policy_always_true_public_whatsapp_custom_fields_Authenticated users can manage whatsapp_custom_fields
rls_policy_always_true,RLS Policy Always True,WARN,EXTERNAL,"[""SECURITY""]","Detects RLS policies that use overly permissive expressions like \`USING (true)\` or \`WITH CHECK (true)\` for UPDATE, DELETE, or INSERT operations. SELECT policies with \`USING (true)\` are intentionally excluded as this pattern is often used deliberately for public read access.",Table `public.whatsapp_field_mappings` has an RLS policy `Authenticated users can manage whatsapp_field_mappings` for `ALL` that allows unrestricted access (both USING and WITH CHECK are always true). This effectively bypasses row-level security for authenticated.,https://supabase.com/docs/guides/database/database-linter?lint=0024_permissive_rls_policy,"{""name"":""whatsapp_field_mappings"",""qual"":""true"",""type"":""table"",""roles"":[""authenticated""],""schema"":""public"",""command"":""ALL"",""with_check"":""true"",""policy_name"":""Authenticated users can manage whatsapp_field_mappings"",""permissive_using"":true,""permissive_with_check"":true}",rls_policy_always_true_public_whatsapp_field_mappings_Authenticated users can manage whatsapp_field_mappings
auth_leaked_password_protection,Leaked Password Protection Disabled,WARN,EXTERNAL,"[""SECURITY""]",Leaked password protection is currently disabled.,Supabase Auth prevents the use of compromised passwords by checking against HaveIBeenPwned.org. Enable this feature to enhance security.,https://supabase.com/docs/guides/auth/password-security#password-strength-and-leaked-password-protection,"{""type"":""auth"",""entity"":""Auth""}",auth_leaked_password_protection